LastName,FirstName,emailKai,Parry,kai@parry.comKerry,Phillips,kerry@phillips.comBrett,Bradley,brett@bradley.comMel,Foster,mel@foster.comKiran,Bennett,kiran@bennett.comCharlie,Caldwell,charlie@caldwell.comTanner,Bell,tanner@bell.comRaylee,Snow,raylee@snow.comBrook,Atkins,brook@atikins.comCameron,Mathis,cameron@mathis.com